"file","baseline.mean.omega","baseline.median.omega","num.branches","num.branches.pval.less.than.alpha","branches.pval.less.than.alpha","pvals.less.than.alpha"
"OG0011267-cds.json",0.167156203224421,0.103050042673421,11,1,"CHARE","3.469200210437506e-08"
"OG0012335-cds.json",0.0953305211674177,0.0296652087314985,11,1,"CHARE","2.464308201943766e-10"
"OG0012638-cds.json",909090909.202971,0.0814004999173776,11,1,"CHARE","9.351427188164507e-09"
"OG0014053-cds.json",0.12480160825604,0.0905010199482508,11,1,"CHARE","1.565231948608137e-06"
"OG0012592-cds.json",0.228678616349974,0.0685091764722326,11,1,"CHARE","1.940188237847806e-08"
"OG0010360-cds.json",1000000000.34923,0.415693742415237,11,1,"CHARE","2.155242111112621e-06"
"OG0013442-cds.json",0.0306470885645458,0.0115137967183068,11,1,"CHARE","6.106226635438361e-16"
"OG0012482-cds.json",0.180236253291458,0.0975919423210937,11,1,"CHARE","1.454876229212143e-06"
