"file","baseline.mean.omega","baseline.median.omega","num.branches","num.branches.pval.less.than.alpha","branches.pval.less.than.alpha","pvals.less.than.alpha"
"OG0010302-cds.json",0.178147842904872,0.131187533671215,11,1,"Node4","8.508964233766569e-07"
"OG0014317-cds.json",909090909.187494,0.106626790267632,11,1,"Node4","6.279542505427393e-07"
"OG0012114-cds.json",0.279848000008239,0.14620964229947,11,1,"Node4","4.408334142169679e-09"
"OG0010990-cds.json",0.182086432257136,0.175207071159686,11,1,"Node4","1.964514162455799e-08"
"OG0011587-cds.json",0.270754716717794,0.134974776533822,11,1,"Node4","1.706208404561593e-07"
"OG0013019-cds.json",0.217742212715178,0.0758496968759,11,1,"Node4","2.414947969375802e-08"
